-- =========================================================================
-- Seed Data script replacing StationDataInitializer, InvoiceDataInitializer,
-- and UserDataInitializer
-- Note: Contains diverse seed data for 20 stations, chargers, ports, and pricing
-- =========================================================================

-- Roles
INSERT INTO roles (id, name) VALUES
(1, 'USER'),
(2, 'STATION_OWNER'),
(3, 'STAFF'),
(4, 'SUPER_ADMIN')
ON CONFLICT DO NOTHING;

-- Users
INSERT INTO "users" (id, email, password, full_name, status, email_verified, phone_verified, auth_provider, created_at, updated_at) VALUES 
(1, 'admin@evgo.com', '$2a$10$G26BqZOyxIwD7vzfoplmk.gyELYQOnn/xiwD1nbNxW46YLfjPAiIK', 'System Administrator', 'ACTIVE', true, false, 'LOCAL', NOW(), NOW()),
(2, 'stationowner@evgo.com', '$2a$10$gYbyIxyEQHhtbS.OG/xc2.O.Kl8jhKvrXg8O5YDD3ziyr8Y7JRSMW', 'Station Owner', 'ACTIVE', true, false, 'LOCAL', NOW(), NOW())
ON CONFLICT (email) DO NOTHING;

-- Users with phone_number
INSERT INTO "users" (id, email, phone_number, password, full_name, status, email_verified, phone_verified, auth_provider, created_at, updated_at) VALUES 
(3, 'station.owner@evgo.com', '0901234567', '$2a$10$nBBv.PuYr.ipj6QfKFtureFUvpXnZB86GRV8uHVsYLZ/7LRGytR1m', 'Test Station Owner', 'ACTIVE', true, true, 'LOCAL', NOW(), NOW()),
(4, 'user@gmail.com', '0987654321', '$2a$10$iZAxrdMs0Z1998XEddFEi.l0ghFUAn.mRZC9eUyYwb8u4.nY0Ik.q', 'Test Regular User', 'ACTIVE', true, true, 'LOCAL', NOW(), NOW())
ON CONFLICT (email) DO NOTHING;

-- User Roles
INSERT INTO user_roles (user_id, role_id) VALUES
(1, 4), -- SUPER_ADMIN
(2, 2), -- STATION_OWNER
(3, 2), -- STATION_OWNER
(4, 1)  -- USER
ON CONFLICT DO NOTHING;

-- Update sequences to avoid collision
SELECT setval('roles_id_seq', (SELECT MAX(id) FROM roles));
SELECT setval('users_id_seq', (SELECT MAX(id) FROM "users"));

-- Stations
INSERT INTO stations (id, owner_id, name, description, address, latitude, longitude, rate, status, is_flagged_low_quality) VALUES 
(1, 3, 'EV-Go Bitexco Central', 'Premium charging station near financial district', '2 Hai Trieu, Ben Nghe, District 1, Ho Chi Minh City', 10.771918, 106.704439, 4.8, 'ACTIVE', false),
(2, 3, 'Independence Palace Station', 'Convenient parking and charging spot', '135 Nam Ky Khoi Nghia, Ben Thanh, District 1, Ho Chi Minh City', 10.776111, 106.695833, 4.5, 'ACTIVE', false),
(3, 3, 'Crescent Mall EV Hub', 'Spacious charging area in Crescent Mall basement', '101 Ton Dat Tiến, Tan Phu, District 7, Ho Chi Minh City', 10.72915, 106.7214, 4.7, 'ACTIVE', false),
(4, 3, 'KTX Khu B Chargers', 'Open 24/7 charging station in Dormitory Zone B', 'Dong Hoa, Di An, Binh Duong', 10.853, 106.788, 4.2, 'ACTIVE', false),
(5, 3, 'Suoi Tien Theme Park', 'Fast chargers near the main gate', '120 Hanoi Highway, Tan Phu, Thu Duc', 10.8655, 106.801, 4.6, 'ACTIVE', false),
(6, 3, 'Landmark 81 Charging Hub', 'High-end EV charging at Vietnams tallest building', '720A Dien Bien Phu, Binh Thanh, Ho Chi Minh City', 10.795, 106.721, 4.9, 'ACTIVE', false),
(7, 3, 'Aeon Mall Tan Phu', 'Large scale charging hub for shoppers', '30 Bo Bao Tan Thang, Tan Phu, Ho Chi Minh City', 10.801, 106.616, 4.6, 'ACTIVE', false),
(8, 3, 'Giga Mall Pham Van Dong', 'Convenient highway-side charging points', '240 Pham Van Dong, Thu Duc, Ho Chi Minh City', 10.828, 106.719, 4.4, 'ACTIVE', false),
(9, 3, 'Saigon Centre Station', 'Indoor parking chargers at Takashimaya', '65 Le Loi, District 1, Ho Chi Minh City', 10.773, 106.701, 4.8, 'ACTIVE', false),
(10, 3, 'Vincom Dong Khoi', 'Central city EV chargers', '72 Le Thanh Ton, District 1, Ho Chi Minh City', 10.778, 106.702, 4.5, 'ACTIVE', false),
(11, 3, 'SC VivoCity EV Station', 'Family friendly mall with rapid chargers', '1058 Nguyen Van Linh, District 7, Ho Chi Minh City', 10.729, 106.701, 4.7, 'ACTIVE', false),
(12, 3, 'E-Town Cong Hoa', 'Office building charging service', '364 Cong Hoa, Tan Binh, Ho Chi Minh City', 10.801, 106.643, 4.3, 'INACTIVE', false),
(13, 3, 'Pearl Plaza Binh Thanh', 'Mixed use building with dedicated EV spots', '561 Dien Bien Phu, Binh Thanh, Ho Chi Minh City', 10.798, 106.719, 4.4, 'ACTIVE', false),
(14, 3, 'Masteri Thao Dien', 'Residential complex charging area', '159 Xa Lo Ha Noi, District 2, Ho Chi Minh City', 10.803, 106.737, 4.6, 'ACTIVE', false),
(15, 3, 'Lotte Mart Nam Sai Gon', 'Supermarket EV charging', '469 Nguyen Huu Tho, District 7, Ho Chi Minh City', 10.735, 106.7, 4.2, 'ACTIVE', false),
(16, 3, 'Estella Place Charging', 'Premium shopping center chargers', '88 Song Hanh, District 2, Ho Chi Minh City', 10.801, 106.741, 4.8, 'PENDING', false),
(17, 3, 'Van Hanh Mall', 'District 10 major charging hub', '11 Su Van Hanh, District 10, Ho Chi Minh City', 10.775, 106.669, 4.5, 'ACTIVE', false),
(18, 3, 'Co.opmart Ly Thuong Kiet', 'Convenient grocery store chargers', '257 Ly Thuong Kiet, District 11, Ho Chi Minh City', 10.767, 106.656, 4.0, 'SUSPENDED', true),
(19, 3, 'Celadon City Station', 'Large residential area charging hub', '88 N1, Tan Phu, Ho Chi Minh City', 10.808, 106.615, 4.7, 'ACTIVE', false),
(20, 3, 'Sala City Mega Hub', 'Futuristic urban area rapid charging', '10 Mai Chi Tho, District 2, Ho Chi Minh City', 10.77, 106.719, 4.9, 'ACTIVE', false);

-- Set location PostGIS points
UPDATE stations SET location = ST_SetSRID(ST_MakePoint(longitude, latitude), 4326) WHERE id IN (1, 2, 3, 4, 5, 6, 7, 8, 9, 10, 11, 12, 13, 14, 15, 16, 17, 18, 19, 20);

-- Image URLs
INSERT INTO station_images (station_id, image_url) VALUES
(1, 'https://5.imimg.com/data5/SELLER/Default/2024/4/412135759/PV/SY/UU/218378982/ev-charger-box-500x500.jpg'),
(2, 'https://www.egat.co.th/home/en/wp-content/uploads/2023/02/MRT-EV-04-1024x683.jpg'),
(2, 'https://cdn.i-scmp.com/sites/default/files/d8/images/canvas/2023/11/16/315ca6fd-969e-426a-bee1-8f1579fbeb60_2d521159.jpg'),
(3, 'https://cdn.i-scmp.com/sites/default/files/d8/images/canvas/2023/11/16/315ca6fd-969e-426a-bee1-8f1579fbeb60_2d521159.jpg'),
(4, 'https://cdn.i-scmp.com/sites/default/files/d8/images/canvas/2023/11/16/315ca6fd-969e-426a-bee1-8f1579fbeb60_2d521159.jpg'),
(5, 'https://tramsacfascha.com/wp-content/uploads/2025/07/tieu-chuan-cua-mot-tram-sac-xe-may-dien-an-toan.jpg'),
(6, 'https://cdn.i-scmp.com/sites/default/files/d8/images/canvas/2023/11/16/315ca6fd-969e-426a-bee1-8f1579fbeb60_2d521159.jpg'),
(7, 'https://teklife.com.vn/wp-content/uploads/2025/12/tram-sac-xe-may-dien-04-1.jpg'),
(7, 'https://tramsacfascha.com/wp-content/uploads/2025/07/tieu-chuan-cua-mot-tram-sac-xe-may-dien-an-toan.jpg'),
(8, 'https://cdn.i-scmp.com/sites/default/files/d8/images/canvas/2023/11/16/315ca6fd-969e-426a-bee1-8f1579fbeb60_2d521159.jpg'),
(9, 'https://tramsacfascha.com/wp-content/uploads/2025/07/tieu-chuan-cua-mot-tram-sac-xe-may-dien-an-toan.jpg'),
(10, 'https://5.imimg.com/data5/SELLER/Default/2024/4/412135759/PV/SY/UU/218378982/ev-charger-box-500x500.jpg'),
(11, 'https://5.imimg.com/data5/SELLER/Default/2024/4/412135759/PV/SY/UU/218378982/ev-charger-box-500x500.jpg'),
(12, 'https://www.egat.co.th/home/en/wp-content/uploads/2023/02/MRT-EV-04-1024x683.jpg'),
(12, 'https://teklife.com.vn/wp-content/uploads/2025/12/tram-sac-xe-may-dien-04-1.jpg'),
(13, 'https://www.egat.co.th/home/en/wp-content/uploads/2023/02/MRT-EV-04-1024x683.jpg'),
(14, 'https://cdn.i-scmp.com/sites/default/files/d8/images/canvas/2023/11/16/315ca6fd-969e-426a-bee1-8f1579fbeb60_2d521159.jpg'),
(15, 'https://www.egat.co.th/home/en/wp-content/uploads/2023/02/MRT-EV-04-1024x683.jpg'),
(16, 'https://cdn.i-scmp.com/sites/default/files/d8/images/canvas/2023/11/16/315ca6fd-969e-426a-bee1-8f1579fbeb60_2d521159.jpg'),
(16, 'https://cdn.i-scmp.com/sites/default/files/d8/images/canvas/2023/11/16/315ca6fd-969e-426a-bee1-8f1579fbeb60_2d521159.jpg'),
(17, 'https://tramsacfascha.com/wp-content/uploads/2025/07/tieu-chuan-cua-mot-tram-sac-xe-may-dien-an-toan.jpg'),
(17, 'https://cdn.i-scmp.com/sites/default/files/d8/images/canvas/2023/11/16/315ca6fd-969e-426a-bee1-8f1579fbeb60_2d521159.jpg'),
(18, 'https://www.egat.co.th/home/en/wp-content/uploads/2023/02/MRT-EV-04-1024x683.jpg'),
(18, 'https://tramsacfascha.com/wp-content/uploads/2025/07/tieu-chuan-cua-mot-tram-sac-xe-may-dien-an-toan.jpg'),
(19, 'https://5.imimg.com/data5/SELLER/Default/2024/4/412135759/PV/SY/UU/218378982/ev-charger-box-500x500.jpg'),
(19, 'https://teklife.com.vn/wp-content/uploads/2025/12/tram-sac-xe-may-dien-04-1.jpg'),
(20, 'https://cdn.i-scmp.com/sites/default/files/d8/images/canvas/2023/11/16/315ca6fd-969e-426a-bee1-8f1579fbeb60_2d521159.jpg');

-- Price Settings (Merge from V4)
INSERT INTO price_settings (station_id, version, charging_rate_per_kwh, booking_fee, idle_penalty_per_minute, grace_period_minutes, is_active, notes, effective_from, created_at) VALUES
(1, 1, 3150.0, 20000.0, 1000.0, 30, true, 'Standard pricing', CURRENT_TIMESTAMP, CURRENT_TIMESTAMP),
(2, 1, 2900.0, 15000.0, 800.0, 45, true, 'Standard pricing', CURRENT_TIMESTAMP, CURRENT_TIMESTAMP),
(3, 1, 3150.0, 20000.0, 1000.0, 30, true, 'Standard pricing', CURRENT_TIMESTAMP, CURRENT_TIMESTAMP),
(4, 1, 2900.0, 15000.0, 800.0, 45, true, 'Standard pricing', CURRENT_TIMESTAMP, CURRENT_TIMESTAMP),
(5, 1, 2900.0, 15000.0, 800.0, 45, true, 'Standard pricing', CURRENT_TIMESTAMP, CURRENT_TIMESTAMP),
(6, 1, 3150.0, 20000.0, 1000.0, 30, true, 'Standard pricing', CURRENT_TIMESTAMP, CURRENT_TIMESTAMP),
(7, 1, 3150.0, 20000.0, 1000.0, 30, true, 'Standard pricing', CURRENT_TIMESTAMP, CURRENT_TIMESTAMP),
(8, 1, 3500.0, 25000.0, 1500.0, 15, true, 'Standard pricing', CURRENT_TIMESTAMP, CURRENT_TIMESTAMP),
(9, 1, 3500.0, 25000.0, 1500.0, 15, true, 'Standard pricing', CURRENT_TIMESTAMP, CURRENT_TIMESTAMP),
(10, 1, 2900.0, 15000.0, 800.0, 45, true, 'Standard pricing', CURRENT_TIMESTAMP, CURRENT_TIMESTAMP),
(11, 1, 2900.0, 15000.0, 800.0, 45, true, 'Standard pricing', CURRENT_TIMESTAMP, CURRENT_TIMESTAMP),
(12, 1, 3150.0, 20000.0, 1000.0, 30, true, 'Standard pricing', CURRENT_TIMESTAMP, CURRENT_TIMESTAMP),
(13, 1, 3500.0, 25000.0, 1500.0, 15, true, 'Standard pricing', CURRENT_TIMESTAMP, CURRENT_TIMESTAMP),
(14, 1, 3150.0, 20000.0, 1000.0, 30, true, 'Standard pricing', CURRENT_TIMESTAMP, CURRENT_TIMESTAMP),
(15, 1, 2900.0, 15000.0, 800.0, 45, true, 'Standard pricing', CURRENT_TIMESTAMP, CURRENT_TIMESTAMP),
(16, 1, 2900.0, 15000.0, 800.0, 45, true, 'Standard pricing', CURRENT_TIMESTAMP, CURRENT_TIMESTAMP),
(17, 1, 2900.0, 15000.0, 800.0, 45, true, 'Standard pricing', CURRENT_TIMESTAMP, CURRENT_TIMESTAMP),
(18, 1, 3500.0, 25000.0, 1500.0, 15, true, 'Standard pricing', CURRENT_TIMESTAMP, CURRENT_TIMESTAMP),
(19, 1, 2900.0, 15000.0, 800.0, 45, true, 'Standard pricing', CURRENT_TIMESTAMP, CURRENT_TIMESTAMP),
(20, 1, 3500.0, 25000.0, 1500.0, 15, true, 'Standard pricing', CURRENT_TIMESTAMP, CURRENT_TIMESTAMP);

-- Chargers
INSERT INTO chargers (id, station_id, name, max_power, connector_type, status) VALUES
(1, 1, 'DC-1', 100.0, 'VINFAST_STD', 'SUSPENDED_EV'),
(2, 1, 'AC-2', 11.0, 'OTHER', 'AVAILABLE'),
(3, 1, 'AC-3', 11.0, 'DATBIKE_FAST', 'FINISHING'),
(4, 1, 'AC-4', 7.4, 'SOCKET_220V', 'AVAILABLE'),
(5, 1, 'DC-5', 100.0, 'IEC_TYPE_2', 'AVAILABLE'),
(6, 1, 'DC-6', 100.0, 'SOCKET_220V', 'AVAILABLE'),
(7, 2, 'AC-1', 22.0, 'IEC_TYPE_2', 'AVAILABLE'),
(8, 2, 'AC-2', 7.4, 'OTHER', 'AVAILABLE'),
(9, 2, 'AC-3', 7.4, 'DATBIKE_FAST', 'OFFLINE'),
(10, 2, 'AC-4', 7.4, 'SOCKET_220V', 'AVAILABLE'),
(11, 2, 'DC-5', 50.0, 'VINFAST_STD', 'PREPARING'),
(12, 2, 'DC-6', 150.0, 'OTHER', 'AVAILABLE'),
(13, 3, 'AC-1', 11.0, 'OTHER', 'AVAILABLE'),
(14, 3, 'AC-2', 11.0, 'DATBIKE_FAST', 'SUSPENDED_EVSE'),
(15, 3, 'DC-3', 150.0, 'SOCKET_220V', 'AVAILABLE'),
(16, 3, 'DC-4', 50.0, 'VINFAST_STD', 'AVAILABLE'),
(17, 4, 'DC-1', 50.0, 'OTHER', 'CHARGING'),
(18, 4, 'DC-2', 50.0, 'SOCKET_220V', 'AVAILABLE'),
(19, 4, 'DC-3', 100.0, 'IEC_TYPE_2', 'AVAILABLE'),
(20, 4, 'DC-4', 50.0, 'DATBIKE_FAST', 'AVAILABLE'),
(21, 4, 'AC-5', 11.0, 'VINFAST_STD', 'FINISHING'),
(22, 4, 'AC-6', 22.0, 'IEC_TYPE_2', 'FINISHING'),
(23, 5, 'DC-1', 50.0, 'SOCKET_220V', 'FINISHING'),
(24, 5, 'AC-2', 11.0, 'VINFAST_STD', 'AVAILABLE'),
(25, 5, 'AC-3', 22.0, 'OTHER', 'AVAILABLE'),
(26, 5, 'AC-4', 22.0, 'DATBIKE_FAST', 'PREPARING'),
(27, 5, 'DC-5', 50.0, 'IEC_TYPE_2', 'AVAILABLE'),
(28, 5, 'DC-6', 150.0, 'DATBIKE_FAST', 'AVAILABLE'),
(29, 5, 'AC-7', 11.0, 'SOCKET_220V', 'AVAILABLE'),
(30, 6, 'DC-1', 100.0, 'OTHER', 'AVAILABLE'),
(31, 6, 'DC-2', 150.0, 'VINFAST_STD', 'CHARGING'),
(32, 6, 'DC-3', 100.0, 'IEC_TYPE_2', 'AVAILABLE'),
(33, 6, 'AC-4', 7.4, 'SOCKET_220V', 'UNAVAILABLE'),
(34, 6, 'DC-5', 150.0, 'DATBIKE_FAST', 'AVAILABLE'),
(35, 6, 'DC-6', 50.0, 'OTHER', 'OFFLINE'),
(36, 7, 'DC-1', 150.0, 'VINFAST_STD', 'CHARGING'),
(37, 7, 'AC-2', 7.4, 'SOCKET_220V', 'AVAILABLE'),
(38, 7, 'DC-3', 100.0, 'DATBIKE_FAST', 'AVAILABLE'),
(39, 8, 'AC-1', 7.4, 'IEC_TYPE_2', 'AVAILABLE'),
(40, 8, 'DC-2', 100.0, 'VINFAST_STD', 'AVAILABLE'),
(41, 8, 'DC-3', 50.0, 'OTHER', 'AVAILABLE'),
(42, 8, 'AC-4', 22.0, 'SOCKET_220V', 'AVAILABLE'),
(43, 8, 'AC-5', 11.0, 'DATBIKE_FAST', 'AVAILABLE'),
(44, 8, 'AC-6', 11.0, 'OTHER', 'AVAILABLE'),
(45, 8, 'AC-7', 22.0, 'DATBIKE_FAST', 'PREPARING'),
(46, 8, 'AC-8', 7.4, 'OTHER', 'SUSPENDED_EVSE'),
(47, 9, 'AC-1', 11.0, 'IEC_TYPE_2', 'AVAILABLE'),
(48, 9, 'AC-2', 11.0, 'VINFAST_STD', 'RESERVED'),
(49, 9, 'DC-3', 50.0, 'DATBIKE_FAST', 'AVAILABLE'),
(50, 9, 'DC-4', 150.0, 'SOCKET_220V', 'OFFLINE'),
(51, 9, 'AC-5', 7.4, 'OTHER', 'AVAILABLE'),
(52, 9, 'AC-6', 22.0, 'DATBIKE_FAST', 'FINISHING'),
(53, 9, 'DC-7', 150.0, 'OTHER', 'AVAILABLE'),
(54, 9, 'AC-8', 22.0, 'IEC_TYPE_2', 'FAULTED'),
(55, 10, 'DC-1', 50.0, 'OTHER', 'AVAILABLE'),
(56, 10, 'DC-2', 50.0, 'SOCKET_220V', 'AVAILABLE'),
(57, 10, 'AC-3', 22.0, 'IEC_TYPE_2', 'AVAILABLE'),
(58, 10, 'DC-4', 50.0, 'VINFAST_STD', 'AVAILABLE'),
(59, 10, 'AC-5', 22.0, 'DATBIKE_FAST', 'AVAILABLE'),
(60, 11, 'AC-1', 11.0, 'OTHER', 'AVAILABLE'),
(61, 11, 'AC-2', 7.4, 'DATBIKE_FAST', 'FAULTED'),
(62, 11, 'DC-3', 100.0, 'VINFAST_STD', 'AVAILABLE'),
(63, 11, 'AC-4', 11.0, 'IEC_TYPE_2', 'CHARGING'),
(64, 12, 'DC-1', 50.0, 'OTHER', 'UNAVAILABLE'),
(65, 12, 'AC-2', 11.0, 'SOCKET_220V', 'OFFLINE'),
(66, 12, 'DC-3', 100.0, 'DATBIKE_FAST', 'UNAVAILABLE'),
(67, 12, 'AC-4', 11.0, 'VINFAST_STD', 'UNAVAILABLE'),
(68, 13, 'AC-1', 7.4, 'IEC_TYPE_2', 'AVAILABLE'),
(69, 13, 'DC-2', 100.0, 'SOCKET_220V', 'AVAILABLE'),
(70, 13, 'DC-3', 150.0, 'VINFAST_STD', 'AVAILABLE'),
(71, 13, 'AC-4', 7.4, 'OTHER', 'AVAILABLE'),
(72, 13, 'DC-5', 50.0, 'DATBIKE_FAST', 'AVAILABLE'),
(73, 14, 'AC-1', 11.0, 'VINFAST_STD', 'FINISHING'),
(74, 14, 'AC-2', 7.4, 'DATBIKE_FAST', 'AVAILABLE'),
(75, 14, 'AC-3', 22.0, 'SOCKET_220V', 'AVAILABLE'),
(76, 14, 'DC-4', 50.0, 'OTHER', 'AVAILABLE'),
(77, 14, 'AC-5', 11.0, 'IEC_TYPE_2', 'AVAILABLE'),
(78, 15, 'DC-1', 100.0, 'VINFAST_STD', 'SUSPENDED_EVSE'),
(79, 15, 'DC-2', 50.0, 'SOCKET_220V', 'AVAILABLE'),
(80, 15, 'DC-3', 150.0, 'OTHER', 'AVAILABLE'),
(81, 15, 'DC-4', 50.0, 'DATBIKE_FAST', 'CHARGING'),
(82, 15, 'DC-5', 100.0, 'IEC_TYPE_2', 'AVAILABLE'),
(83, 16, 'AC-1', 7.4, 'DATBIKE_FAST', 'UNAVAILABLE'),
(84, 16, 'AC-2', 7.4, 'SOCKET_220V', 'OFFLINE'),
(85, 16, 'DC-3', 50.0, 'IEC_TYPE_2', 'UNAVAILABLE'),
(86, 16, 'DC-4', 150.0, 'VINFAST_STD', 'UNAVAILABLE'),
(87, 16, 'AC-5', 7.4, 'OTHER', 'UNAVAILABLE'),
(88, 17, 'DC-1', 150.0, 'IEC_TYPE_2', 'AVAILABLE'),
(89, 17, 'AC-2', 7.4, 'VINFAST_STD', 'AVAILABLE'),
(90, 17, 'DC-3', 100.0, 'OTHER', 'AVAILABLE'),
(91, 17, 'DC-4', 100.0, 'DATBIKE_FAST', 'AVAILABLE'),
(92, 17, 'AC-5', 7.4, 'SOCKET_220V', 'AVAILABLE'),
(93, 17, 'DC-6', 150.0, 'VINFAST_STD', 'PREPARING'),
(94, 17, 'AC-7', 22.0, 'IEC_TYPE_2', 'CHARGING'),
(95, 17, 'DC-8', 50.0, 'DATBIKE_FAST', 'AVAILABLE'),
(96, 18, 'AC-1', 22.0, 'SOCKET_220V', 'UNAVAILABLE'),
(97, 18, 'AC-2', 7.4, 'IEC_TYPE_2', 'OFFLINE'),
(98, 18, 'AC-3', 7.4, 'VINFAST_STD', 'UNAVAILABLE'),
(99, 18, 'DC-4', 150.0, 'DATBIKE_FAST', 'OFFLINE'),
(100, 18, 'AC-5', 11.0, 'OTHER', 'UNAVAILABLE'),
(101, 18, 'DC-6', 150.0, 'DATBIKE_FAST', 'UNAVAILABLE'),
(102, 19, 'DC-1', 150.0, 'VINFAST_STD', 'AVAILABLE'),
(103, 19, 'DC-2', 50.0, 'DATBIKE_FAST', 'AVAILABLE'),
(104, 19, 'DC-3', 150.0, 'IEC_TYPE_2', 'AVAILABLE'),
(105, 19, 'DC-4', 150.0, 'OTHER', 'AVAILABLE'),
(106, 19, 'AC-5', 22.0, 'SOCKET_220V', 'AVAILABLE'),
(107, 19, 'AC-6', 11.0, 'IEC_TYPE_2', 'AVAILABLE'),
(108, 19, 'DC-7', 50.0, 'VINFAST_STD', 'AVAILABLE'),
(109, 19, 'AC-8', 7.4, 'OTHER', 'AVAILABLE'),
(110, 20, 'AC-1', 11.0, 'OTHER', 'CHARGING'),
(111, 20, 'DC-2', 50.0, 'SOCKET_220V', 'AVAILABLE'),
(112, 20, 'AC-3', 22.0, 'VINFAST_STD', 'AVAILABLE'),
(113, 20, 'DC-4', 50.0, 'DATBIKE_FAST', 'CHARGING');

-- Ports
INSERT INTO ports (id, charger_id, port_number, status) VALUES
(1, 1, 1, 'AVAILABLE'),
(2, 1, 2, 'CHARGING'),
(3, 1, 3, 'AVAILABLE'),
(4, 2, 1, 'AVAILABLE'),
(5, 2, 2, 'AVAILABLE'),
(6, 2, 3, 'AVAILABLE'),
(7, 2, 4, 'AVAILABLE'),
(8, 3, 1, 'SUSPENDED_EVSE'),
(9, 3, 2, 'AVAILABLE'),
(10, 3, 3, 'AVAILABLE'),
(11, 3, 4, 'SUSPENDED_EVSE'),
(12, 4, 1, 'AVAILABLE'),
(13, 4, 2, 'AVAILABLE'),
(14, 5, 1, 'AVAILABLE'),
(15, 5, 2, 'AVAILABLE'),
(16, 5, 3, 'AVAILABLE'),
(17, 6, 1, 'AVAILABLE'),
(18, 7, 1, 'AVAILABLE'),
(19, 7, 2, 'AVAILABLE'),
(20, 7, 3, 'AVAILABLE'),
(21, 7, 4, 'AVAILABLE'),
(22, 8, 1, 'AVAILABLE'),
(23, 9, 1, 'UNAVAILABLE'),
(24, 9, 2, 'UNAVAILABLE'),
(25, 9, 3, 'UNAVAILABLE'),
(26, 10, 1, 'AVAILABLE'),
(27, 10, 2, 'AVAILABLE'),
(28, 10, 3, 'AVAILABLE'),
(29, 10, 4, 'AVAILABLE'),
(30, 11, 1, 'SUSPENDED_EVSE'),
(31, 11, 2, 'SUSPENDED_EVSE'),
(32, 12, 1, 'AVAILABLE'),
(33, 12, 2, 'AVAILABLE'),
(34, 13, 1, 'AVAILABLE'),
(35, 13, 2, 'AVAILABLE'),
(36, 13, 3, 'AVAILABLE'),
(37, 14, 1, 'AVAILABLE'),
(38, 14, 2, 'AVAILABLE'),
(39, 14, 3, 'AVAILABLE'),
(40, 14, 4, 'AVAILABLE'),
(41, 15, 1, 'AVAILABLE'),
(42, 15, 2, 'AVAILABLE'),
(43, 15, 3, 'AVAILABLE'),
(44, 16, 1, 'AVAILABLE'),
(45, 16, 2, 'AVAILABLE'),
(46, 17, 1, 'AVAILABLE'),
(47, 17, 2, 'AVAILABLE'),
(48, 17, 3, 'AVAILABLE'),
(49, 17, 4, 'CHARGING'),
(50, 18, 1, 'AVAILABLE'),
(51, 18, 2, 'AVAILABLE'),
(52, 19, 1, 'AVAILABLE'),
(53, 20, 1, 'AVAILABLE'),
(54, 20, 2, 'AVAILABLE'),
(55, 20, 3, 'AVAILABLE'),
(56, 21, 1, 'FINISHING'),
(57, 22, 1, 'AVAILABLE'),
(58, 22, 2, 'AVAILABLE'),
(59, 23, 1, 'AVAILABLE'),
(60, 23, 2, 'CHARGING'),
(61, 23, 3, 'AVAILABLE'),
(62, 24, 1, 'AVAILABLE'),
(63, 25, 1, 'AVAILABLE'),
(64, 25, 2, 'AVAILABLE'),
(65, 26, 1, 'AVAILABLE'),
(66, 26, 2, 'AVAILABLE'),
(67, 27, 1, 'AVAILABLE'),
(68, 28, 1, 'AVAILABLE'),
(69, 29, 1, 'AVAILABLE'),
(70, 30, 1, 'AVAILABLE'),
(71, 31, 1, 'AVAILABLE'),
(72, 32, 1, 'AVAILABLE'),
(73, 32, 2, 'AVAILABLE'),
(74, 32, 3, 'AVAILABLE'),
(75, 32, 4, 'AVAILABLE'),
(76, 33, 1, 'UNAVAILABLE'),
(77, 33, 2, 'UNAVAILABLE'),
(78, 34, 1, 'AVAILABLE'),
(79, 35, 1, 'UNAVAILABLE'),
(80, 35, 2, 'UNAVAILABLE'),
(81, 35, 3, 'UNAVAILABLE'),
(82, 36, 1, 'UNAVAILABLE'),
(83, 36, 2, 'SUSPENDED_EV'),
(84, 37, 1, 'AVAILABLE'),
(85, 37, 2, 'AVAILABLE'),
(86, 38, 1, 'AVAILABLE'),
(87, 38, 2, 'AVAILABLE'),
(88, 38, 3, 'AVAILABLE'),
(89, 39, 1, 'AVAILABLE'),
(90, 39, 2, 'AVAILABLE'),
(91, 39, 3, 'AVAILABLE'),
(92, 40, 1, 'AVAILABLE'),
(93, 40, 2, 'AVAILABLE'),
(94, 41, 1, 'AVAILABLE'),
(95, 41, 2, 'AVAILABLE'),
(96, 41, 3, 'AVAILABLE'),
(97, 41, 4, 'AVAILABLE'),
(98, 42, 1, 'AVAILABLE'),
(99, 42, 2, 'AVAILABLE'),
(100, 43, 1, 'AVAILABLE'),
(101, 44, 1, 'AVAILABLE'),
(102, 45, 1, 'AVAILABLE'),
(103, 45, 2, 'AVAILABLE'),
(104, 45, 3, 'AVAILABLE'),
(105, 46, 1, 'AVAILABLE'),
(106, 46, 2, 'AVAILABLE'),
(107, 46, 3, 'CHARGING'),
(108, 46, 4, 'CHARGING'),
(109, 47, 1, 'AVAILABLE'),
(110, 47, 2, 'AVAILABLE'),
(111, 47, 3, 'AVAILABLE'),
(112, 47, 4, 'AVAILABLE'),
(113, 48, 1, 'AVAILABLE'),
(114, 48, 2, 'SUSPENDED_EV'),
(115, 48, 3, 'AVAILABLE'),
(116, 48, 4, 'AVAILABLE'),
(117, 49, 1, 'AVAILABLE'),
(118, 49, 2, 'AVAILABLE'),
(119, 49, 3, 'AVAILABLE'),
(120, 50, 1, 'UNAVAILABLE'),
(121, 50, 2, 'UNAVAILABLE'),
(122, 51, 1, 'AVAILABLE'),
(123, 52, 1, 'AVAILABLE'),
(124, 52, 2, 'SUSPENDED_EV'),
(125, 53, 1, 'AVAILABLE'),
(126, 53, 2, 'AVAILABLE'),
(127, 54, 1, 'FAULTED'),
(128, 54, 2, 'FAULTED'),
(129, 54, 3, 'FAULTED'),
(130, 54, 4, 'FAULTED'),
(131, 55, 1, 'AVAILABLE'),
(132, 55, 2, 'AVAILABLE'),
(133, 55, 3, 'AVAILABLE'),
(134, 55, 4, 'AVAILABLE'),
(135, 56, 1, 'AVAILABLE'),
(136, 56, 2, 'AVAILABLE'),
(137, 56, 3, 'AVAILABLE'),
(138, 57, 1, 'AVAILABLE'),
(139, 57, 2, 'AVAILABLE'),
(140, 57, 3, 'AVAILABLE'),
(141, 58, 1, 'AVAILABLE'),
(142, 59, 1, 'AVAILABLE'),
(143, 59, 2, 'AVAILABLE'),
(144, 59, 3, 'AVAILABLE'),
(145, 60, 1, 'AVAILABLE'),
(146, 60, 2, 'AVAILABLE'),
(147, 61, 1, 'FAULTED'),
(148, 61, 2, 'FAULTED'),
(149, 62, 1, 'AVAILABLE'),
(150, 62, 2, 'AVAILABLE'),
(151, 63, 1, 'RESERVED'),
(152, 63, 2, 'UNAVAILABLE'),
(153, 64, 1, 'UNAVAILABLE'),
(154, 64, 2, 'UNAVAILABLE'),
(155, 64, 3, 'UNAVAILABLE'),
(156, 65, 1, 'UNAVAILABLE'),
(157, 65, 2, 'UNAVAILABLE'),
(158, 65, 3, 'UNAVAILABLE'),
(159, 65, 4, 'UNAVAILABLE'),
(160, 66, 1, 'UNAVAILABLE'),
(161, 66, 2, 'UNAVAILABLE'),
(162, 67, 1, 'UNAVAILABLE'),
(163, 68, 1, 'AVAILABLE'),
(164, 69, 1, 'AVAILABLE'),
(165, 70, 1, 'AVAILABLE'),
(166, 70, 2, 'AVAILABLE'),
(167, 70, 3, 'AVAILABLE'),
(168, 71, 1, 'AVAILABLE'),
(169, 71, 2, 'AVAILABLE'),
(170, 72, 1, 'AVAILABLE'),
(171, 72, 2, 'AVAILABLE'),
(172, 73, 1, 'AVAILABLE'),
(173, 73, 2, 'AVAILABLE'),
(174, 73, 3, 'AVAILABLE'),
(175, 73, 4, 'AVAILABLE'),
(176, 74, 1, 'AVAILABLE'),
(177, 74, 2, 'AVAILABLE'),
(178, 74, 3, 'AVAILABLE'),
(179, 75, 1, 'AVAILABLE'),
(180, 75, 2, 'AVAILABLE'),
(181, 75, 3, 'AVAILABLE'),
(182, 76, 1, 'AVAILABLE'),
(183, 76, 2, 'AVAILABLE'),
(184, 77, 1, 'AVAILABLE'),
(185, 77, 2, 'AVAILABLE'),
(186, 77, 3, 'AVAILABLE'),
(187, 77, 4, 'AVAILABLE'),
(188, 78, 1, 'SUSPENDED_EVSE'),
(189, 78, 2, 'PREPARING'),
(190, 78, 3, 'CHARGING'),
(191, 78, 4, 'AVAILABLE'),
(192, 79, 1, 'AVAILABLE'),
(193, 79, 2, 'AVAILABLE'),
(194, 79, 3, 'AVAILABLE'),
(195, 80, 1, 'AVAILABLE'),
(196, 80, 2, 'AVAILABLE'),
(197, 81, 1, 'AVAILABLE'),
(198, 81, 2, 'AVAILABLE'),
(199, 82, 1, 'AVAILABLE'),
(200, 82, 2, 'AVAILABLE'),
(201, 82, 3, 'AVAILABLE'),
(202, 82, 4, 'AVAILABLE'),
(203, 83, 1, 'UNAVAILABLE'),
(204, 84, 1, 'UNAVAILABLE'),
(205, 85, 1, 'UNAVAILABLE'),
(206, 85, 2, 'UNAVAILABLE'),
(207, 85, 3, 'UNAVAILABLE'),
(208, 85, 4, 'UNAVAILABLE'),
(209, 86, 1, 'UNAVAILABLE'),
(210, 87, 1, 'UNAVAILABLE'),
(211, 87, 2, 'UNAVAILABLE'),
(212, 88, 1, 'AVAILABLE'),
(213, 89, 1, 'AVAILABLE'),
(214, 89, 2, 'AVAILABLE'),
(215, 89, 3, 'AVAILABLE'),
(216, 89, 4, 'AVAILABLE'),
(217, 90, 1, 'AVAILABLE'),
(218, 91, 1, 'AVAILABLE'),
(219, 92, 1, 'AVAILABLE'),
(220, 93, 1, 'AVAILABLE'),
(221, 93, 2, 'CHARGING'),
(222, 94, 1, 'AVAILABLE'),
(223, 95, 1, 'AVAILABLE'),
(224, 95, 2, 'AVAILABLE'),
(225, 96, 1, 'UNAVAILABLE'),
(226, 96, 2, 'UNAVAILABLE'),
(227, 96, 3, 'UNAVAILABLE'),
(228, 97, 1, 'UNAVAILABLE'),
(229, 97, 2, 'UNAVAILABLE'),
(230, 97, 3, 'UNAVAILABLE'),
(231, 97, 4, 'UNAVAILABLE'),
(232, 98, 1, 'UNAVAILABLE'),
(233, 98, 2, 'UNAVAILABLE'),
(234, 98, 3, 'UNAVAILABLE'),
(235, 98, 4, 'UNAVAILABLE'),
(236, 99, 1, 'UNAVAILABLE'),
(237, 99, 2, 'UNAVAILABLE'),
(238, 99, 3, 'UNAVAILABLE'),
(239, 100, 1, 'UNAVAILABLE'),
(240, 100, 2, 'UNAVAILABLE'),
(241, 100, 3, 'UNAVAILABLE'),
(242, 100, 4, 'UNAVAILABLE'),
(243, 101, 1, 'UNAVAILABLE'),
(244, 101, 2, 'UNAVAILABLE'),
(245, 101, 3, 'UNAVAILABLE'),
(246, 102, 1, 'AVAILABLE'),
(247, 103, 1, 'AVAILABLE'),
(248, 103, 2, 'AVAILABLE'),
(249, 103, 3, 'AVAILABLE'),
(250, 103, 4, 'AVAILABLE'),
(251, 104, 1, 'AVAILABLE'),
(252, 104, 2, 'AVAILABLE'),
(253, 104, 3, 'AVAILABLE'),
(254, 105, 1, 'AVAILABLE'),
(255, 106, 1, 'AVAILABLE'),
(256, 107, 1, 'AVAILABLE'),
(257, 107, 2, 'AVAILABLE'),
(258, 108, 1, 'AVAILABLE'),
(259, 109, 1, 'AVAILABLE'),
(260, 109, 2, 'AVAILABLE'),
(261, 110, 1, 'CHARGING'),
(262, 110, 2, 'CHARGING'),
(263, 110, 3, 'AVAILABLE'),
(264, 110, 4, 'AVAILABLE'),
(265, 111, 1, 'AVAILABLE'),
(266, 111, 2, 'AVAILABLE'),
(267, 112, 1, 'AVAILABLE'),
(268, 112, 2, 'AVAILABLE'),
(269, 113, 1, 'AVAILABLE'),
(270, 113, 2, 'AVAILABLE');

-- Opening Hours (24/7 for 1-10, 07:00-21:00 for 11-20)
INSERT INTO station_opening_hours (id, station_id, day_of_week, open_time, close_time, is_open) VALUES
-- Station 1
(1, 1, 'MONDAY', NULL, NULL, true), (2, 1, 'TUESDAY', NULL, NULL, true), (3, 1, 'WEDNESDAY', NULL, NULL, true), (4, 1, 'THURSDAY', NULL, NULL, true), (5, 1, 'FRIDAY', NULL, NULL, true), (6, 1, 'SATURDAY', NULL, NULL, true), (7, 1, 'SUNDAY', NULL, NULL, true),
-- Station 2
(8, 2, 'MONDAY', NULL, NULL, true), (9, 2, 'TUESDAY', NULL, NULL, true), (10, 2, 'WEDNESDAY', NULL, NULL, true), (11, 2, 'THURSDAY', NULL, NULL, true), (12, 2, 'FRIDAY', NULL, NULL, true), (13, 2, 'SATURDAY', NULL, NULL, true), (14, 2, 'SUNDAY', NULL, NULL, true),
-- Station 3
(15, 3, 'MONDAY', NULL, NULL, true), (16, 3, 'TUESDAY', NULL, NULL, true), (17, 3, 'WEDNESDAY', NULL, NULL, true), (18, 3, 'THURSDAY', NULL, NULL, true), (19, 3, 'FRIDAY', NULL, NULL, true), (20, 3, 'SATURDAY', NULL, NULL, true), (21, 3, 'SUNDAY', NULL, NULL, true),
-- Station 4
(22, 4, 'MONDAY', NULL, NULL, true), (23, 4, 'TUESDAY', NULL, NULL, true), (24, 4, 'WEDNESDAY', NULL, NULL, true), (25, 4, 'THURSDAY', NULL, NULL, true), (26, 4, 'FRIDAY', NULL, NULL, true), (27, 4, 'SATURDAY', NULL, NULL, true), (28, 4, 'SUNDAY', NULL, NULL, true),
-- Station 5
(29, 5, 'MONDAY', NULL, NULL, true), (30, 5, 'TUESDAY', NULL, NULL, true), (31, 5, 'WEDNESDAY', NULL, NULL, true), (32, 5, 'THURSDAY', NULL, NULL, true), (33, 5, 'FRIDAY', NULL, NULL, true), (34, 5, 'SATURDAY', NULL, NULL, true), (35, 5, 'SUNDAY', NULL, NULL, true),
-- Station 6
(36, 6, 'MONDAY', NULL, NULL, true), (37, 6, 'TUESDAY', NULL, NULL, true), (38, 6, 'WEDNESDAY', NULL, NULL, true), (39, 6, 'THURSDAY', NULL, NULL, true), (40, 6, 'FRIDAY', NULL, NULL, true), (41, 6, 'SATURDAY', NULL, NULL, true), (42, 6, 'SUNDAY', NULL, NULL, true),
-- Station 7
(43, 7, 'MONDAY', NULL, NULL, true), (44, 7, 'TUESDAY', NULL, NULL, true), (45, 7, 'WEDNESDAY', NULL, NULL, true), (46, 7, 'THURSDAY', NULL, NULL, true), (47, 7, 'FRIDAY', NULL, NULL, true), (48, 7, 'SATURDAY', NULL, NULL, true), (49, 7, 'SUNDAY', NULL, NULL, true),
-- Station 8
(50, 8, 'MONDAY', NULL, NULL, true), (51, 8, 'TUESDAY', NULL, NULL, true), (52, 8, 'WEDNESDAY', NULL, NULL, true), (53, 8, 'THURSDAY', NULL, NULL, true), (54, 8, 'FRIDAY', NULL, NULL, true), (55, 8, 'SATURDAY', NULL, NULL, true), (56, 8, 'SUNDAY', NULL, NULL, true),
-- Station 9
(57, 9, 'MONDAY', NULL, NULL, true), (58, 9, 'TUESDAY', NULL, NULL, true), (59, 9, 'WEDNESDAY', NULL, NULL, true), (60, 9, 'THURSDAY', NULL, NULL, true), (61, 9, 'FRIDAY', NULL, NULL, true), (62, 9, 'SATURDAY', NULL, NULL, true), (63, 9, 'SUNDAY', NULL, NULL, true),
-- Station 10
(64, 10, 'MONDAY', NULL, NULL, true), (65, 10, 'TUESDAY', NULL, NULL, true), (66, 10, 'WEDNESDAY', NULL, NULL, true), (67, 10, 'THURSDAY', NULL, NULL, true), (68, 10, 'FRIDAY', NULL, NULL, true), (69, 10, 'SATURDAY', NULL, NULL, true), (70, 10, 'SUNDAY', NULL, NULL, true),
-- Station 11
(71, 11, 'MONDAY', '07:00:00', '21:00:00', true), (72, 11, 'TUESDAY', '07:00:00', '21:00:00', true), (73, 11, 'WEDNESDAY', '07:00:00', '21:00:00', true), (74, 11, 'THURSDAY', '07:00:00', '21:00:00', true), (75, 11, 'FRIDAY', '07:00:00', '21:00:00', true), (76, 11, 'SATURDAY', '07:00:00', '21:00:00', true), (77, 11, 'SUNDAY', '07:00:00', '21:00:00', true),
-- Station 12
(78, 12, 'MONDAY', '07:00:00', '21:00:00', true), (79, 12, 'TUESDAY', '07:00:00', '21:00:00', true), (80, 12, 'WEDNESDAY', '07:00:00', '21:00:00', true), (81, 12, 'THURSDAY', '07:00:00', '21:00:00', true), (82, 12, 'FRIDAY', '07:00:00', '21:00:00', true), (83, 12, 'SATURDAY', '07:00:00', '21:00:00', true), (84, 12, 'SUNDAY', '07:00:00', '21:00:00', true),
-- Station 13
(85, 13, 'MONDAY', '07:00:00', '21:00:00', true), (86, 13, 'TUESDAY', '07:00:00', '21:00:00', true), (87, 13, 'WEDNESDAY', '07:00:00', '21:00:00', true), (88, 13, 'THURSDAY', '07:00:00', '21:00:00', true), (89, 13, 'FRIDAY', '07:00:00', '21:00:00', true), (90, 13, 'SATURDAY', '07:00:00', '21:00:00', true), (91, 13, 'SUNDAY', '07:00:00', '21:00:00', true),
-- Station 14
(92, 14, 'MONDAY', '07:00:00', '21:00:00', true), (93, 14, 'TUESDAY', '07:00:00', '21:00:00', true), (94, 14, 'WEDNESDAY', '07:00:00', '21:00:00', true), (95, 14, 'THURSDAY', '07:00:00', '21:00:00', true), (96, 14, 'FRIDAY', '07:00:00', '21:00:00', true), (97, 14, 'SATURDAY', '07:00:00', '21:00:00', true), (98, 14, 'SUNDAY', '07:00:00', '21:00:00', true),
-- Station 15
(99, 15, 'MONDAY', '07:00:00', '21:00:00', true), (100, 15, 'TUESDAY', '07:00:00', '21:00:00', true), (101, 15, 'WEDNESDAY', '07:00:00', '21:00:00', true), (102, 15, 'THURSDAY', '07:00:00', '21:00:00', true), (103, 15, 'FRIDAY', '07:00:00', '21:00:00', true), (104, 15, 'SATURDAY', '07:00:00', '21:00:00', true), (105, 15, 'SUNDAY', '07:00:00', '21:00:00', true),
-- Station 16
(106, 16, 'MONDAY', '07:00:00', '21:00:00', true), (107, 16, 'TUESDAY', '07:00:00', '21:00:00', true), (108, 16, 'WEDNESDAY', '07:00:00', '21:00:00', true), (109, 16, 'THURSDAY', '07:00:00', '21:00:00', true), (110, 16, 'FRIDAY', '07:00:00', '21:00:00', true), (111, 16, 'SATURDAY', '07:00:00', '21:00:00', true), (112, 16, 'SUNDAY', '07:00:00', '21:00:00', true),
-- Station 17
(113, 17, 'MONDAY', '07:00:00', '21:00:00', true), (114, 17, 'TUESDAY', '07:00:00', '21:00:00', true), (115, 17, 'WEDNESDAY', '07:00:00', '21:00:00', true), (116, 17, 'THURSDAY', '07:00:00', '21:00:00', true), (117, 17, 'FRIDAY', '07:00:00', '21:00:00', true), (118, 17, 'SATURDAY', '07:00:00', '21:00:00', true), (119, 17, 'SUNDAY', '07:00:00', '21:00:00', true),
-- Station 18
(120, 18, 'MONDAY', '07:00:00', '21:00:00', true), (121, 18, 'TUESDAY', '07:00:00', '21:00:00', true), (122, 18, 'WEDNESDAY', '07:00:00', '21:00:00', true), (123, 18, 'THURSDAY', '07:00:00', '21:00:00', true), (124, 18, 'FRIDAY', '07:00:00', '21:00:00', true), (125, 18, 'SATURDAY', '07:00:00', '21:00:00', true), (126, 18, 'SUNDAY', '07:00:00', '21:00:00', true),
-- Station 19
(127, 19, 'MONDAY', '07:00:00', '21:00:00', true), (128, 19, 'TUESDAY', '07:00:00', '21:00:00', true), (129, 19, 'WEDNESDAY', '07:00:00', '21:00:00', true), (130, 19, 'THURSDAY', '07:00:00', '21:00:00', true), (131, 19, 'FRIDAY', '07:00:00', '21:00:00', true), (132, 19, 'SATURDAY', '07:00:00', '21:00:00', true), (133, 19, 'SUNDAY', '07:00:00', '21:00:00', true),
-- Station 20
(134, 20, 'MONDAY', '07:00:00', '21:00:00', true), (135, 20, 'TUESDAY', '07:00:00', '21:00:00', true), (136, 20, 'WEDNESDAY', '07:00:00', '21:00:00', true), (137, 20, 'THURSDAY', '07:00:00', '21:00:00', true), (138, 20, 'FRIDAY', '07:00:00', '21:00:00', true), (139, 20, 'SATURDAY', '07:00:00', '21:00:00', true), (140, 20, 'SUNDAY', '07:00:00', '21:00:00', true)
ON CONFLICT (id) DO NOTHING;

-- Final touches: Update sequences
SELECT setval('stations_id_seq', (SELECT MAX(id) FROM stations));
SELECT setval('chargers_id_seq', (SELECT MAX(id) FROM chargers));
SELECT setval('ports_id_seq', (SELECT MAX(id) FROM ports));
SELECT setval('station_opening_hours_id_seq', (SELECT MAX(id) FROM station_opening_hours));
